map,field,row,values
Fan,defaults,Nc,0.99
Fan,defaults,Rline,2.2
Fan,defaults,Wc,803.5562000000001
Fan,defaults,PR,1.6850599999999998
Fan,defaults,polyeff,0.933949681369889
Fan,NcMap,-,0.3 0.4 0.5 0.6 0.7 0.75 0.8 0.85 0.9 0.95 1.0 1.05 1.1 1.15
Fan,RlineMap,-,1.0 1.2 1.4 1.6 1.8 2.0 2.2 2.4 2.6 2.8 3.0
Fan,WcMap,1,121.797 150.895 179.422 207.275 234.359 260.582 285.861 310.12 333.291 355.315 369.552
Fan,WcMap,2,194.867 227.417 258.872 289.101 317.981 345.407 371.284 395.535 418.097 438.921 457.973
Fan,WcMap,3,265.64 302.32 337.109 369.834 400.351 428.543 454.32 477.621 498.412 516.684 532.453
Fan,WcMap,4,330.65 373.304 412.75 448.759 481.163 509.851 534.771 555.926 573.366 587.188 597.526
Fan,WcMap,5,380.373 433.991 481.896 523.736 559.314 588.58 611.621 628.642 639.948 645.923 647.172
Fan,WcMap,6,408.374 467.955 520.262 564.886 601.649 630.583 651.91 666.008 673.384 674.865 674.865
Fan,WcMap,7,432.494 499.118 556.491 604.137 641.921 670.01 688.838 699.045 701.536 701.536 701.536
Fan,WcMap,8,470.522 540.248 599.144 646.786 683.165 708.637 723.856 729.705 729.841 729.841 729.841
Fan,WcMap,9,527.146 594.695 650.583 694.581 726.881 748.023 758.831 760.796 760.796 760.796 760.796
Fan,WcMap,10,593.025 653.568 702.7 740.438 767.14 783.445 790.213 790.533 790.533 790.533 790.533
Fan,WcMap,11,643.809 697.196 739.568 771.126 792.35 803.95 806.892 806.892 806.892 806.892 806.892
Fan,WcMap,12,684.12 729.283 764.846 791.078 808.441 817.554 819.416 819.416 819.416 819.416 819.416
Fan,WcMap,13,723.881 760.55 789.192 810.094 823.667 830.421 831.443 831.443 831.443 831.443 831.443
Fan,WcMap,14,762.811 790.037 811.271 826.753 836.786 841.724 842.41 842.41 842.41 842.41 842.41
Fan,PRMap,1,1.0546 1.0558 1.0553 1.0532 1.0494 1.044 1.0372 1.029 1.0196 1.0089 1.0
Fan,PRMap,2,1.1002 1.101 1.0994 1.0955 1.0892 1.0807 1.0702 1.0578 1.0436 1.0278 1.0102
Fan,PRMap,3,1.1593 1.1606 1.1584 1.1527 1.1434 1.1307 1.1149 1.0964 1.0753 1.0517 1.0258
Fan,PRMap,4,1.2313 1.2363 1.2353 1.2283 1.2154 1.1968 1.173 1.1449 1.1125 1.0764 1.0366
Fan,PRMap,5,1.3042 1.3232 1.3306 1.3261 1.31 1.2825 1.245 1.1992 1.1457 1.0854 1.0193
Fan,PRMap,6,1.3479 1.3775 1.3917 1.3901 1.3728 1.3402 1.2944 1.2376 1.1708 1.0956 1.0133
Fan,PRMap,7,1.3935 1.4356 1.4581 1.4602 1.442 1.404 1.3488 1.2797 1.1982 1.1065 1.0068
Fan,PRMap,8,1.4654 1.5127 1.5381 1.5409 1.5209 1.4789 1.4178 1.3413 1.2513 1.1501 1.0406
Fan,PRMap,9,1.583 1.6221 1.6408 1.6386 1.6155 1.5723 1.5116 1.4367 1.3492 1.2512 1.1448
Fan,PRMap,10,1.7258 1.7494 1.7565 1.7469 1.7208 1.6787 1.6229 1.5555 1.4778 1.3912 1.2969
Fan,PRMap,11,1.8381 1.8472 1.8432 1.826 1.796 1.7537 1.7006 1.6386 1.5684 1.491 1.4073
Fan,PRMap,12,1.9316 1.9312 1.9197 1.8973 1.8642 1.8209 1.7687 1.7091 1.6427 1.5702 1.4923
Fan,PRMap,13,2.0237 2.0149 1.997 1.9704 1.9352 1.8918 1.8414 1.785 1.7231 1.6562 1.5848
Fan,PRMap,14,2.1043 2.0885 2.0659 2.0366 2.0008 1.9588 1.9114 1.8595 1.8033 1.7433 1.6797
Fan,polyeff_Map,1,0.6954164334886399 0.7689951279004906 0.8318952459888335 0.8810824310427419 0.9118087527486798 0.9172102187813589 0.8892786039230556 0.8145581255176587 0.6643312049058002 0.3798847342975864 0.0
Fan,polyeff_Map,2,0.7452850739305197 0.8059762013237894 0.8571412456658297 0.8966518058955971 0.9208694720305988 0.9249350679634016 0.9039337803411319 0.8501058961343527 0.7476406017941254 0.5688892864300704 0.2601716170365178
Fan,polyeff_Map,3,0.7568586083708057 0.8151543432781778 0.8641699726039026 0.9017074383226519 0.9247490164148929 0.9289534588366851 0.9103002345223331 0.8625142282806512 0.7735542734472848 0.622818674247056 0.37427512222975673
Fan,polyeff_Map,4,0.7399778540411834 0.8044700579455244 0.8586040772262676 0.9002554983438914 0.9260776049440168 0.9314726284505281 0.9123125245903031 0.8622766965930518 0.7685375874393192 0.6104026697437611 0.35152515372548043
Fan,polyeff_Map,5,0.676453943078237 0.7615265183788904 0.8332762864924086 0.8889307069250365 0.9242562076772581 0.9332003999351856 0.9099455735049662 0.8452442269632706 0.7205511851995755 0.5045997733952639 0.14043638276132145
Fan,polyeff_Map,6,0.6506911194551477 0.7443127081633626 0.8232476835063475 0.8844124329646537 0.9234143815302854 0.9338047831603391 0.909281090319769 0.839914904300508 0.7058546897936974 0.47336519117045395 0.08172204213910618
Fan,polyeff_Map,7,0.6286107991160969 0.7296134176225239 0.8145288348601769 0.8803697288024466 0.9224210474983423 0.933949681369889 0.9083667945777701 0.8352584515383 0.6937482049520884 0.4482670745016909 0.035625787575756046
Fan,polyeff_Map,8,0.6455949976875789 0.7416647193829273 0.8219256133744308 0.8836159107895385 0.9226194147261928 0.93319849325604 0.9097671282886749 0.8442089873817729 0.7195393756944033 0.5089121840605039 0.16719879807954274
Fan,polyeff_Map,9,0.706962915794731 0.7831292480084595 0.8459073681252608 0.8933763870979965 0.9227063038090085 0.9299203101989335 0.9119866397201836 0.8644193027772045 0.7780900675753292 0.6394930275633327 0.428514729176215
Fan,polyeff_Map,10,0.7736582367885415 0.825988606079442 0.8684257569297072 0.8997737439478094 0.9183769937303372 0.9220014890317874 0.9093964247805649 0.8787874724278387 0.8260458207502729 0.7458104470359863 0.6306829185337653
Fan,polyeff_Map,11,0.8114513738350333 0.847759994319987 0.8766418236541221 0.8975350666577986 0.9091855505030392 0.9103647717013157 0.900328800157904 0.8782604898368235 0.84184277073928 0.788342448897862 0.7138964760685146
Fan,polyeff_Map,12,0.8315306628172004 0.8585412933544389 0.8798860364109291 0.8949649761657311 0.9028684815039237 0.9027372185524491 0.8941287135749817 0.876556201901008 0.8485442755587468 0.808351508775635 0.7534741011515571
Fan,polyeff_Map,13,0.8449335496727426 0.8642595383739374 0.8791720506390399 0.889322411520438 0.8940645169469699 0.8929103646280965 0.8855328470765783 0.8716686744184643 0.8504674043025995 0.8207565285673741 0.7812129686388136
Fan,polyeff_Map,14,0.8544172268260366 0.8675412352766461 0.8773807113522288 0.8836631130036653 0.8861042675370967 0.8842245440860846 0.8779872111812262 0.8672527505486065 0.8514934278485203 0.8300698911519677 0.8022189996379758
LPC,defaults,Nc,1.0
LPC,defaults,Rline,2.15
LPC,defaults,Wc,87.66624999999999
LPC,defaults,PR,1.935
LPC,defaults,polyeff,0.940730122317797
LPC,NcMap,-,0.3 0.4 0.5 0.6 0.7 0.75 0.8 0.85 0.9 0.95 1.0 1.05 1.1 1.15
LPC,RlineMap,-,1.0 1.2 1.4 1.6 1.8 2.0 2.2 2.4 2.6 2.8 3.0
LPC,WcMap,1,17.907 19.339 20.749 22.136 23.498 24.833 26.141 27.42 28.669 29.887 31.011
LPC,WcMap,2,24.951 26.742 28.485 30.177 31.815 33.397 34.921 36.385 37.788 39.128 40.405
LPC,WcMap,3,32.682 34.715 36.662 38.52 40.286 41.958 43.533 45.011 46.39 47.669 48.848
LPC,WcMap,4,40.927 43.115 45.168 47.083 48.858 50.492 51.983 53.331 54.539 55.607 56.537
LPC,WcMap,5,49.85 52.122 54.195 56.068 57.741 59.215 60.494 61.58 62.479 63.197 63.739
LPC,WcMap,6,54.798 57.066 59.099 60.897 62.463 63.8 64.913 65.81 66.497 66.983 67.278
LPC,WcMap,7,60.051 62.252 64.185 65.851 67.255 68.405 69.307 69.973 70.413 70.638 70.675
LPC,WcMap,8,65.313 67.427 69.262 70.824 72.118 73.153 73.938 74.484 74.803 74.907 74.907
LPC,WcMap,9,70.995 72.902 74.542 75.92 77.043 77.92 78.56 78.974 79.174 79.198 79.198
LPC,WcMap,10,77.441 78.904 80.155 81.199 82.042 82.69 83.151 83.434 83.545 83.548 83.548
LPC,WcMap,11,84.344 85.211 85.952 86.572 87.074 87.46 87.735 87.903 87.967 87.968 87.968
LPC,WcMap,12,89.305 89.687 90.025 90.32 90.572 90.783 90.953 91.083 91.174 91.227 91.243
LPC,WcMap,13,93.626 93.712 93.793 93.868 93.939 94.004 94.064 94.12 94.17 94.216 94.257
LPC,WcMap,14,96.084 96.074 96.064 96.054 96.044 96.033 96.022 96.012 96.0 95.989 95.978
LPC,PRMap,1,1.0678 1.0649 1.0613 1.0571 1.0522 1.0468 1.0402 1.0322 1.0227 1.0117 1.0
LPC,PRMap,2,1.1239 1.1186 1.1122 1.1047 1.0962 1.0865 1.0751 1.0611 1.0445 1.0257 1.0045
LPC,PRMap,3,1.1994 1.191 1.1809 1.1691 1.1558 1.1409 1.1233 1.102 1.0771 1.0488 1.0173
LPC,PRMap,4,1.2981 1.2855 1.2706 1.2533 1.2339 1.2122 1.1869 1.1563 1.121 1.0811 1.037
LPC,PRMap,5,1.4289 1.4111 1.3899 1.3655 1.338 1.3076 1.272 1.2295 1.1804 1.1254 1.0654
LPC,PRMap,6,1.5118 1.4909 1.4661 1.4375 1.4052 1.3695 1.3278 1.2779 1.2205 1.1565 1.0868
LPC,PRMap,7,1.607 1.5827 1.5538 1.5205 1.4831 1.4417 1.3934 1.3358 1.2697 1.1962 1.1165
LPC,PRMap,8,1.716 1.6881 1.6555 1.6183 1.5767 1.5312 1.4785 1.416 1.3448 1.266 1.1808
LPC,PRMap,9,1.8402 1.8086 1.7724 1.7318 1.6869 1.6381 1.5824 1.517 1.443 1.3615 1.2736
LPC,PRMap,10,1.993 1.9587 1.9206 1.8788 1.8336 1.7852 1.7309 1.6685 1.5988 1.5225 1.4405
LPC,PRMap,11,2.1593 2.1257 2.0899 2.0518 2.0117 1.9695 1.9235 1.8724 1.8163 1.7557 1.6909
LPC,PRMap,12,2.2764 2.251 2.2248 2.1978 2.1701 2.1416 2.1118 2.0801 2.0464 2.0108 1.9735
LPC,PRMap,13,2.3771 2.3664 2.3557 2.3448 2.3339 2.3229 2.3118 2.3004 2.2887 2.2768 2.2646
LPC,PRMap,14,2.4343 2.4365 2.4387 2.4409 2.443 2.4452 2.4473 2.4495 2.4516 2.4538 2.4559
LPC,polyeff_Map,1,0.8087961276703625 0.8306251106316775 0.847399988858857 0.8577310703950848 0.8596224742080986 0.8506774209707051 0.8180260839721167 0.7421684771578837 0.603471969340557 0.3684490480835339 0.0
LPC,polyeff_Map,2,0.8259175037989567 0.8478467757273769 0.8648616910862496 0.8758728560924457 0.8790924457675774 0.8723183305688447 0.8435232579747464 0.775109149336703 0.6498797304873956 0.4392321170824788 0.0921811862901929
LPC,polyeff_Map,3,0.8451504146089284 0.8664579763088591 0.8832912607114235 0.8944707347561565 0.8987079765478048 0.8938106895069358 0.8692814334477469 0.8091573072814378 0.6990990355929406 0.5156968963771595 0.21871035379217638
LPC,polyeff_Map,4,0.861707750677499 0.8825570862395365 0.8991839635930781 0.9106110325635342 0.9156554439741105 0.9123300370784454 0.8909874338195839 0.8371963209863182 0.7382853368313724 0.5743461385360203 0.31186408910722263
LPC,polyeff_Map,5,0.8727798251390835 0.8932280307305249 0.9098018903833912 0.9214432414622237 0.9269761945285105 0.924814294250305 0.9056750902164054 0.8562765696621577 0.7655842052870044 0.6160925326156791 0.3795045049566582
LPC,polyeff_Map,6,0.8772679092928718 0.8976378464742064 0.9140736236814646 0.9257122691283753 0.9314796587495235 0.9297014105676502 0.9116230100849698 0.8645899749302253 0.7784489477129245 0.6372564613063224 0.41583475454312896
LPC,polyeff_Map,7,0.8824221962747169 0.9022363053350381 0.9182448674232848 0.9295921346111523 0.9353059462386133 0.9339095865218907 0.9170856936604368 0.8731097646789018 0.7929223499590905 0.6624734423197975 0.4603864728482924
LPC,polyeff_Map,8,0.8921089780630004 0.9095186731891479 0.923527547016086 0.9333784018609835 0.9382946929173178 0.9370062972515406 0.9226918020373278 0.886138907750129 0.820480129482149 0.716128341458069 0.5589863631441612
LPC,polyeff_Map,9,0.9029703567463592 0.9174644517779101 0.9289539964546855 0.9369650636931182 0.940730122317797 0.9394616267599876 0.9279204606577475 0.8991112452516069 0.848641966706996 0.7704230529482472 0.6561427671084186
LPC,polyeff_Map,10,0.9146557158518818 0.9243745598120423 0.9318366997045925 0.936847612875921 0.938839244911387 0.937414067239688 0.9292760172778869 0.9103026813370725 0.8785935901605108 0.831384478125596 0.765282515039481
LPC,polyeff_Map,11,0.9254693452208981 0.930170095135643 0.9336162219166131 0.9356191080396477 0.9358977152527821 0.9345280844062543 0.92984332773674 0.9200567017038 0.904543051585833 0.882652314728834 0.8535158202781216
LPC,polyeff_Map,12,0.9250241405467416 0.9259811162196 0.9263099983424158 0.926276548883608 0.9256099671049465 0.9243961257930239 0.922178581615365 0.9184958374320952 0.9133359212964997 0.906414068689746 0.8978055455181533
LPC,polyeff_Map,13,0.9167752812337506 0.9165467455020592 0.9161401465838513 0.9158206927120144 0.915322814107879 0.9148235734100648 0.9142339340535706 0.9134635981100612 0.912512127448447 0.9114687865983776 0.9102435077817415
LPC,polyeff_Map,14,0.9082923812268114 0.9084804044956002 0.9085799910295259 0.9086795439737394 0.9087785568760162 0.9088780438441753 0.9089769929157969 0.9090764141306027 0.9091752995855135 0.9092746552684682 0.9093734773194629
HPC,defaults,Nc,0.976
HPC,defaults,Rline,2.05
HPC,defaults,Wc,49.45367999999999
HPC,defaults,PR,9.374422
HPC,defaults,polyeff,0.9103634864054654
HPC,NcMap,-,0.5 0.6 0.7 0.75 0.8 0.85 0.9 0.925 0.95 0.975 1.0 1.025 1.05 1.15
HPC,RlineMap,-,1.0 1.2 1.4 1.6 1.8 2.0 2.2 2.4 2.6 2.8 3.0
HPC,WcMap,1,7.267 7.543 7.802 8.046 8.273 8.484 8.678 8.855 9.017 9.162 9.292
HPC,WcMap,2,9.809 10.081 10.331 10.558 10.764 10.948 11.111 11.253 11.374 11.475 11.557
HPC,WcMap,3,13.119 13.369 13.593 13.791 13.964 14.111 14.235 14.335 14.412 14.467 14.501
HPC,WcMap,4,15.487 15.754 15.99 16.196 16.372 16.519 16.638 16.729 16.794 16.834 16.85
HPC,WcMap,5,18.81 19.118 19.386 19.614 19.804 19.956 20.073 20.155 20.203 20.219 20.219
HPC,WcMap,6,24.726 25.163 25.538 25.851 26.105 26.302 26.444 26.532 26.57 26.572 26.572
HPC,WcMap,7,32.579 33.147 33.628 34.025 34.34 34.576 34.736 34.824 34.844 34.844 34.844
HPC,WcMap,8,37.318 37.919 38.426 38.843 39.173 39.418 39.582 39.669 39.685 39.685 39.685
HPC,WcMap,9,42.541 43.049 43.481 43.84 44.126 44.343 44.493 44.579 44.603 44.603 44.603
HPC,WcMap,10,47.74 48.152 48.505 48.801 49.04 49.225 49.358 49.44 49.472 49.473 49.473
HPC,WcMap,11,53.232 53.466 53.672 53.849 53.998 54.12 54.216 54.285 54.33 54.349 54.35
HPC,WcMap,12,55.614 55.749 55.87 55.976 56.068 56.146 56.211 56.261 56.299 56.323 56.335
HPC,WcMap,13,57.892 57.961 58.023 58.079 58.13 58.174 58.213 58.245 58.273 58.294 58.31
HPC,WcMap,14,60.96 60.963 60.966 60.969 60.972 60.975 60.977 60.98 60.983 60.985 60.987
HPC,PRMap,1,1.6474 1.6178 1.583 1.5432 1.4988 1.4501 1.3958 1.335 1.2684 1.1967 1.121
HPC,PRMap,2,2.0524 2.0061 1.9528 1.8928 1.8267 1.7549 1.676 1.5887 1.4942 1.3937 1.2887
HPC,PRMap,3,2.6917 2.6224 2.5441 2.4574 2.363 2.2618 2.1517 2.0312 1.902 1.7659 1.6247
HPC,PRMap,4,3.1844 3.0989 3.0017 2.8938 2.7763 2.6501 2.5128 2.3625 2.2016 2.0325 1.8576
HPC,PRMap,5,3.9146 3.8061 3.6811 3.5412 3.3876 3.2221 3.0412 2.8428 2.6301 2.407 2.177
HPC,PRMap,6,5.2748 5.1343 4.964 4.7661 4.5434 4.2989 4.0272 3.725 3.3991 3.0567 2.7054
HPC,PRMap,7,7.2269 7.0482 6.8214 6.55 6.2382 5.8909 5.4999 5.0605 4.584 4.0826 3.5692
HPC,PRMap,8,8.4539 8.2523 7.9945 7.6844 7.3269 6.9275 6.4764 5.9681 5.4154 4.8326 4.2344
HPC,PRMap,9,9.7989 9.5666 9.2844 8.9557 8.5845 8.1752 7.7182 7.2068 6.6512 6.0625 5.4522
HPC,PRMap,10,11.0964 10.8394 10.5411 10.204 9.8313 9.4263 8.98 8.4856 7.9504 7.3823 6.7898
HPC,PRMap,11,12.3279 12.0811 11.8131 11.5251 11.2183 10.894 10.5466 10.1712 9.7705 9.3472 8.9045
HPC,PRMap,12,12.8281 12.6098 12.3814 12.1431 11.8957 11.6395 11.3715 11.0885 10.7917 10.4821 10.1607
HPC,PRMap,13,13.2984 13.1308 12.9593 12.7839 12.6048 12.4222 12.2345 12.0405 11.8404 11.6343 11.4228
HPC,PRMap,14,13.9406 13.9123 13.884 13.8556 13.8272 13.7988 13.7703 13.7417 13.713 13.6842 13.6554
HPC,polyeff_Map,1,0.7366553534443869 0.7453545187259876 0.749470398417326 0.7480244594907992 0.7399170810222604 0.7238177423798217 0.6952427078576809 0.6484955748062166 0.5782641981589745 0.47729459539794056 0.3346957482280368
HPC,polyeff_Map,2,0.759728880125292 0.7666219215434071 0.7695994326447176 0.7682538455739029 0.7616072477209691 0.7487322265241446 0.7264740655044214 0.6908779398772291 0.6387823041603305 0.5656613887685217 0.4658114790926534
HPC,polyeff_Map,3,0.7869196460387029 0.791883008118489 0.794035134811586 0.7927245901335384 0.7877208689324535 0.7781501611415249 0.7621555179972044 0.7371528694265193 0.7012836636536814 0.652457057728527 0.5876534483975132
HPC,polyeff_Map,4,0.8024654856810874 0.8078523117216092 0.8104037684302612 0.8099156584546956 0.805819702765188 0.7977810896607979 0.7837245184984737 0.7615598744036112 0.7296507951864731 0.6861338051730891 0.6286943510749848
HPC,polyeff_Map,5,0.8211379671862128 0.8273376192579065 0.8308638138646919 0.8314371736612155 0.8286713996203002 0.8219881080157995 0.8096985302609814 0.7895856098032281 0.760201630573396 0.7198746289555144 0.6663840867108273
HPC,polyeff_Map,6,0.8484158248861828 0.8572199523468018 0.8632188242780614 0.8661488268792314 0.8655610658527766 0.8608923550279636 0.8504186320842971 0.8315447669895348 0.8028764224041327 0.7624933434383815 0.7079581726376138
HPC,polyeff_Map,7,0.8729281159236123 0.8828750098754315 0.8901377067566368 0.89439536418188 0.8953016086333054 0.8924004145136213 0.8838855448749634 0.8675030359764743 0.8418180950426133 0.8051970835184953 0.7554102642547044
HPC,polyeff_Map,8,0.8814498064509342 0.8910099233409657 0.8979419217255867 0.9021610631905873 0.9032567001634457 0.9008650897591939 0.8933855335788607 0.8787136077931861 0.8558768315301146 0.823340889735054 0.7791740869833554
HPC,polyeff_Map,9,0.8949559045764302 0.9018485558011772 0.9068465970207057 0.9097920126496976 0.9103634864054654 0.908447774235055 0.902901483734383 0.8923632235572878 0.8763328751233513 0.8538410353238605 0.824041586697758
HPC,polyeff_Map,10,0.8978038903939015 0.9023373779312268 0.9055219691610541 0.907128464779795 0.907066742142831 0.905238235343871 0.9009190611387062 0.8932762547198062 0.8818270149391518 0.8663521531039721 0.8462047068317955
HPC,polyeff_Map,11,0.9020029812453839 0.9035645463451254 0.9044561689033831 0.9046730344367927 0.9040632109470883 0.9026174998455013 0.9000230463344264 0.8960318227374429 0.8904689443949464 0.8832250175626428 0.8741827979018657
HPC,polyeff_Map,12,0.8846040169538093 0.8847220751935108 0.8845364469073805 0.8838998938382617 0.8829541540839995 0.8815505728088021 0.879607047542662 0.8770388605850507 0.8736911487748401 0.8696264602546703 0.8648329702560185
HPC,polyeff_Map,13,0.8656894358264 0.8651955505855748 0.8645487691993614 0.8637480062933783 0.8628645754071741 0.8617531857759582 0.8604099015365311 0.8589036103637295 0.8570143036372186 0.8548844976051894 0.8525122813259345
HPC,polyeff_Map,14,0.8127104933000054 0.8125213655055176 0.8123320603263592 0.8121424161910878 0.8119525922256474 0.8117625876991548 0.8115722394920338 0.8113094464580428 0.8111183854892902 0.8109269738184398 0.8107353736198438
