map,N,R,Wc,PR,polyeff,dWc_dN,dWc_dR,dPR_dN,dPR_dR,dpe_dN,dpe_dR
Fan,0.15,0.5,30.44925,1.0249365,0.17385410837215998,202.995,60.8985,0.23290999999999995,-0.005272999999999972,1.1590273891477332,0.34770821674431995
Fan,0.15,1.1,68.173,1.0226000000000002,0.36610289034728266,454.4866666666667,72.745,0.21733333333333382,0.0030000000000005578,2.4406859356485513,0.18394673602962697
Fan,0.15,1.75,113.79400000000001,1.020175,0.45206358616109765,758.6266666666668,67.71000000000004,0.20116666666666605,-0.00949999999999962,3.0137572410739843,0.0768158042648448
Fan,0.15,2.2,142.9305,1.0135999999999998,0.4446393019615278,952.87,63.19749999999999,0.15733333333333288,-0.017000000000000348,2.964262013076852,-0.06982903714575794
Fan,0.15,2.63,168.29729999999998,1.0039974999999999,0.31083211715728415,1121.982,55.06000000000006,0.09331666666666694,-0.026750000000000718,2.0722141143818944,-0.7111161765205356
Fan,0.15,3.0,184.776,0.995,0.0,1231.8400000000001,35.59249999999997,0.033333333333333215,-0.02224999999999966,0.0,-0.9497118357439651
Fan,0.15,3.5,185.69988,0.995,0.0,1237.9992000000002,1.8477599999999939,0.033333333333333215,0.0,0.0,0.0
Fan,0.35,0.5,79.16599999999998,1.082787,0.36017537685478984,365.3499999999998,158.33199999999997,0.45828000000000024,-0.01077399999999995,0.2493432022093991,0.7203507537095797
Fan,0.35,1.1,173.74399999999997,1.0779,0.7539182091608599,747.9599999999996,154.12000000000006,0.45399999999999885,0.0050000000000003375,0.4342485693258933,0.33567455451280126
Fan,0.35,1.75,269.17449999999997,1.0705624999999999,0.9094711139095217,831.7299999999996,139.90999999999997,0.4042500000000011,-0.025249999999999766,0.10687883174653123,0.13735996960234864
Fan,0.35,2.2,328.57249999999993,1.0536999999999999,0.8966061921320937,854.23,127.88999999999986,0.33000000000000185,-0.043250000000000004,0.14655176418076366,-0.12233225620143218
Fan,0.35,2.63,378.9075999999999,1.0296124999999998,0.6712460694020427,846.2599999999989,107.12000000000023,0.23235000000000028,-0.06625000000000102,0.9916367017494894,-1.157994464930674
Fan,0.35,3.0,413.7625,1.0050999999999999,0.13008580851825882,884.2099999999996,83.22249999999984,0.10200000000000031,-0.06624999999999968,2.601716170365177,-1.721506009227846
Fan,0.35,3.5,415.83131249999997,1.0025499999999998,0.06504290425912941,888.63105,4.137624999999986,0.051000000000000156,-0.005099999999999991,1.3008580851825886,-0.13008580851825882
Fan,0.62,0.5,170.2973,1.2521094000000002,0.3636365359242971,248.615,340.5946,0.7326449999999998,-0.012458800000000015,-0.31761955481473203,0.7272730718485942
Fan,0.62,1.1,363.01800000000003,1.2497800000000001,0.7615772109403959,552.0500000000006,224.23400000000004,0.7989999999999977,0.03899999999999937,-0.5323372526479009,0.34304139091801733
Fan,0.62,1.75,488.53350000000006,1.237705,0.918782629133029,773.5749999999998,165.19399999999996,0.9539999999999988,-0.06769999999999979,-0.04197245804782668,0.13861392715272294
Fan,0.62,2.2,550.1410000000001,1.1874,0.9118391343732357,768.5,122.72099999999946,0.7200000000000006,-0.13270000000000037,-0.023669510853370213,-0.09989524187111964
Fan,0.62,2.63,588.52029,1.112999,0.7334855745137743,654.0494999999992,61.26300000000019,0.2956999999999983,-0.20470000000000027,-0.5665887635605662,-0.8484910825865453
Fan,0.62,3.0,607.4552,1.03314,0.30930739953264863,496.46000000000095,42.60099999999974,-0.17299999999999827,-0.2252999999999997,-2.11088770964159,-1.399673454707064
Fan,0.62,3.5,610.492476,1.0165700000000002,0.15465369976632432,498.9423000000015,6.07455200000004,-0.08649999999999736,-0.03313999999999999,-1.055443854820795,-0.30930739953264863
Fan,0.805,0.5,218.1484,1.40769345,0.31515460948662255,380.27999999999975,436.2968,1.4451900000000002,-0.014006900000000023,0.1698419857148208,0.6303092189732451
Fan,0.805,1.1,469.76390000000004,1.422,0.6805638833859047,791.5800000000017,334.67099999999994,1.4900000000000055,0.21309999999999968,0.2903550033188562,0.5025466441265959
Fan,0.805,1.75,636.6345249999999,1.4544850000000002,0.9120042499161345,831.9050000000007,188.21750000000048,1.5870000000000033,-0.09190000000000023,0.019206418353217458,0.20873268609985757
Fan,0.805,2.2,692.3398,1.3557,0.9085068279488606,700.3600000000024,92.33549999999987,1.3800000000000026,-0.27894999999999903,0.02800667421809422,-0.1268386730482173
Fan,0.805,2.63,704.3665,1.1896125,0.660027961541008,566.0999999999985,0.0,1.0335000000000036,-0.46325000000000094,0.6203852312957903,-1.2099786828437404
Fan,0.805,3.0,704.3665,1.0101799999999999,0.048783088626134744,566.1000000000022,0.0,0.6760000000000019,-0.5033999999999998,2.631460210075738,-2.0277424841571854
Fan,0.805,3.5,707.8883325,1.00509,0.024391544313067372,568.9305000000004,7.043664999999987,0.3379999999999974,-0.01017999999999993,1.315730105037869,-0.048783088626134744
Fan,1.0,0.5,321.9045,1.8472905000000002,0.40572568691751665,507.83999999999924,643.809,2.257230000000007,-0.01838099999999998,0.37793137046491676,0.8114513738350333
Fan,1.0,1.1,670.5025,1.84265,0.8296056840775101,944.1200000000008,266.9350000000004,2.100999999999999,0.045499999999998764,0.5956452528703675,0.18154310242476868
Fan,1.0,1.75,787.044,1.8035,0.906272929541729,531.5899999999983,106.12000000000035,1.5235000000000056,-0.15000000000000036,-0.14906503485952527,0.05825241922620261
Fan,1.0,2.2,806.892,1.7006,0.900328800157904,333.58000000000175,14.710000000000036,1.553999999999995,-0.2655000000000012,-0.18135249245321816,-0.05017985771705824
Fan,1.0,2.63,806.892,1.55679,0.8338177224630673,327.1800000000003,0.0,1.8395999999999972,-0.38700000000000045,0.3961441553987477,-0.26750160920709076
Fan,1.0,3.0,806.892,1.4073,0.7138964760685146,327.1800000000003,0.0,2.2079999999999984,-0.41849999999999987,1.664271150694983,-0.37222986414673676
Fan,1.0,3.5,810.9264600000001,1.20365,0.3569482380342573,328.8159000000014,8.068920000000048,1.1039999999999992,-0.4073,0.8321355753474915,-0.7138964760685146
Fan,1.12,0.5,369.72650000000004,2.0662197,0.4243635102670301,389.300000000002,739.4530000000001,1.6200600000000023,-0.020559399999999964,0.09483677153294146,0.8487270205340602
Fan,1.12,1.1,755.8989000000001,2.05014,0.8571496188345407,684.1700000000055,164.45899999999983,1.5420000000000087,-0.05799999999999954,0.12765374056002443,0.08422598300480372
Fan,1.12,1.75,825.87535,1.9703000000000002,0.8899249859156977,280.08000000000175,60.78499999999946,1.3150000000000048,-0.1772000000000002,-0.1477002337319604,0.01910862534645881
Fan,1.12,2.2,835.8298,1.8694000000000002,0.8825145927184375,219.34000000000015,4.437999999999917,1.4000000000000057,-0.24599999999999936,-0.15091271790704042,-0.0346072184642713
Fan,1.12,2.63,835.8298,1.7455590000000003,0.8469184227030044,219.3399999999965,0.0,1.6247000000000043,-0.32070000000000143,0.04538248803443423,-0.13197970059878134
Fan,1.12,3.0,835.8298,1.6227600000000002,0.7896153810384785,219.34000000000015,0.0,1.8980000000000103,-0.3413999999999988,0.4201206199832459,-0.17433246281366505
Fan,1.12,3.5,840.0089489999999,1.3113800000000002,0.39480769051923925,220.43670000000202,8.35829799999999,0.9490000000000052,-0.6227600000000002,0.21006030999162295,-0.7896153810384785
Fan,1.4,0.5,455.05314705882347,2.4211828235294113,0.3015590212327188,294.590588235294,910.1062941176469,1.2254452941176468,-0.01485388235294128,-0.5025983687211979,0.6031180424654377
Fan,1.4,1.1,919.7154705882353,2.4081794117647055,0.6077500454480057,573.1658823529409,96.09176470588244,1.2471176470588228,-0.05576470588235339,-1.0129167424133425,0.046320029825680446
Fan,1.4,1.75,960.5534117647057,2.3470147058823527,0.6250545733438156,505.10264705882344,35.41058823529345,1.3490588235294112,-0.12635294117647078,-1.0417576222396925,0.008615839529758314
Fan,1.4,2.2,966.2938235294116,2.277591176470588,0.6197556784808657,495.5352941176469,2.421176470588441,1.4647647058823523,-0.1672941176470589,-1.0329261308014426,-0.022014116134794023
Fan,1.4,2.63,966.2938235294116,2.1949323529411764,0.5987858098899088,495.535294117647,0.0,1.6025294117647046,-0.21176470588235347,-0.9979763498165144,-0.07561248245842123
Fan,1.4,3.0,966.2938235294116,2.1140382352941174,0.5662722350385712,495.5352941176469,0.0,1.7373529411764699,-0.22447058823529387,-0.9437870583976185,-0.0982972641670299
Fan,1.4,3.5,969.2670352941175,1.5555485294117646,0.2831361175192856,490.57994117647047,5.946423529411732,0.8627941176470584,-1.1169794117647056,-0.4718935291988092,-0.5662722350385712
LPC,0.15,0.5,4.47675,1.0315695,0.20219903191759062,29.845000000000002,8.9535,0.2771300000000001,-0.005338999999999983,1.3479935461172707,0.40439806383518123
LPC,0.15,1.1,9.311499999999999,1.028175,0.40985530957551,62.07666666666666,3.5799999999999983,0.2544999999999997,-0.007250000000000423,2.7323687305034,0.05457245740328798
LPC,0.15,1.75,11.57875,1.0217125,0.42957481162742256,77.19166666666666,3.405000000000001,0.2114166666666666,-0.012249999999999872,2.8638320775161503,0.004728509532534453
LPC,0.15,2.2,13.0705,1.0151,0.40901304198605837,87.13666666666667,3.269999999999996,0.1673333333333331,-0.01650000000000018,2.726753613240389,-0.08162834249647055
LPC,0.15,2.63,14.42585,1.005525,0.2841092655760019,96.17233333333334,3.0450000000000017,0.10350000000000037,-0.027499999999999858,1.8940617705066796,-0.5875573031425587
LPC,0.15,3.0,15.5055,0.995,0.0,103.37,2.8100000000000023,0.033333333333333215,-0.02925000000000022,0.0,-0.921122620208834
LPC,0.15,3.5,15.5830275,0.995,0.0,103.88685000000001,0.15505500000000083,0.033333333333333215,0.0,0.0,0.0
LPC,0.35,0.5,10.714499999999997,1.1013292499999998,0.4086784078673298,35.219999999999985,21.428999999999995,0.5638049999999968,-0.010958499999999982,0.08560688064297128,0.8173568157346596
LPC,0.35,1.1,22.234749999999995,1.0937999999999999,0.8282963794570932,72.23500000000001,8.057500000000005,0.5489999999999995,-0.02050000000000018,0.17171520612146907,0.10939563722433876
LPC,0.35,1.75,27.281499999999994,1.075875,0.8687185858018198,82.47999999999999,7.500000000000012,0.44899999999999984,-0.033499999999999634,0.19137925093949448,0.012777483720363577
LPC,0.35,2.2,30.53099999999999,1.0576499999999998,0.8307746709734315,87.79999999999995,7.079999999999997,0.3490000000000002,-0.04500000000000036,0.25497174002629563,-0.15361602398171614
LPC,0.35,2.63,33.42035,1.0313649999999999,0.593250559814331,91.37299999999993,6.39500000000001,0.20629999999999882,-0.07449999999999955,0.5006405732465451,-1.1141763366548512
LPC,0.35,3.0,35.708,1.0022499999999999,0.04609059314509642,93.93999999999994,6.002500000000012,0.04499999999999993,-0.08225000000000014,0.9218118629019286,-1.7887499471895478
LPC,0.35,3.5,35.88654,1.001125,0.02304529657254821,94.40969999999999,0.3570799999999998,0.022500000000000853,-0.002249999999999973,0.4609059314509643,-0.04609059314509642
LPC,0.62,0.5,21.355800000000002,1.3308813000000002,0.43196108278490797,44.61500000000001,42.711600000000004,1.3145399999999992,-0.013242599999999927,0.05536037230792257,0.8639221655698159
LPC,0.62,1.1,43.81400000000001,1.3174400000000002,0.8743067203537751,89.65000000000003,11.024000000000003,1.2819999999999983,-0.06819999999999987,0.10871509476286612,0.10384554783959121
LPC,0.62,1.75,50.195949999999996,1.259975,0.9166340641495608,89.08500000000004,8.773000000000003,1.0612499999999994,-0.10510000000000021,0.11198615140472512,0.025710598708591628
LPC,0.62,2.2,53.68520000000001,1.20392,0.8939249650989483,85.11000000000001,7.242999999999984,0.8509999999999991,-0.13679999999999953,0.14687656396821325,-0.1045096170693455
LPC,0.62,2.63,56.276700000000005,1.1264420000000002,0.719587656546917,78.87499999999989,4.989999999999986,0.5713499999999971,-0.21460000000000046,0.2946599729923607,-0.805248465852735
LPC,0.62,3.0,57.9774,1.04268,0.3253921722771098,72.01999999999998,4.261999999999977,0.2840000000000007,-0.23639999999999955,0.6764041584943561,-1.2865162253742106
LPC,0.62,3.5,58.26728700000001,1.02134,0.1626960861385549,72.38009999999997,0.5797740000000019,0.14199999999999946,-0.042679999999999926,0.33820207924717804,-0.3253921722771098
LPC,0.805,0.5,30.288600000000002,1.6259895000000002,0.4416954372267726,52.620000000000005,60.577200000000005,2.190899999999999,-0.016179000000000034,0.09686781788283483,0.8833908744535452
LPC,0.805,1.1,61.673350000000006,1.6055700000000002,0.8931777082869972,104.37000000000012,10.961500000000001,2.1439999999999984,-0.12330000000000016,0.16969149642393333,0.09786833833451904
LPC,0.805,1.75,67.39305,1.5019150000000001,0.9341963060138967,97.81000000000017,6.96499999999998,1.8930000000000007,-0.1890999999999995,0.06376253642972429,0.02817029785174148
LPC,0.805,2.2,69.7701,1.40191,0.9176463044981259,92.62000000000012,4.451499999999988,1.7020000000000017,-0.2437000000000002,0.112122167537823,-0.08286476548364954
LPC,0.805,2.63,70.883935,1.2661055,0.7765022485597306,87.4369999999999,1.0645000000000038,1.486100000000004,-0.3701500000000015,0.6294469493068089,-0.6391959783888592
LPC,0.805,3.0,71.09819999999999,1.12293,0.47024646187787933,84.6400000000001,0.16649999999995085,1.2860000000000014,-0.40124999999999944,1.9719978059173773,-0.987962351778726
LPC,0.805,3.5,71.45369099999999,1.061465,0.23512323093893966,85.06320000000005,0.710982,0.6430000000000007,-0.12293000000000007,0.9859989029586886,-0.47024646187787933
LPC,1.0,0.5,42.172,2.1700965,0.46273467261044904,69.02999999999986,84.344,3.3426299999999998,-0.021593000000000195,0.10813629369016198,0.9254693452208981
LPC,1.0,1.1,84.7775,2.1425,0.9278197201782705,132.0999999999999,4.335000000000036,3.3329999999999984,-0.16799999999999926,0.1660916469261693,0.023503749573724697
LPC,1.0,1.75,86.9485,2.021725,0.9358280634494984,102.34500000000003,2.509999999999991,3.5364999999999966,-0.20050000000000168,-0.0502654690604416,0.001393036065672426
LPC,1.0,2.2,87.735,1.9235,0.92984332773674,91.68000000000006,1.3750000000000568,3.8519999999999897,-0.23000000000000043,0.01134620917706286,-0.023423783347571003
LPC,1.0,2.63,87.96714999999999,1.80721,0.9012594410572832,88.43399999999974,0.005000000000052296,4.397099999999995,-0.30299999999999905,0.5949443540401909,-0.10945368428499513
LPC,1.0,3.0,87.968,1.6909,0.8535158202781216,88.40000000000009,0.0,5.007999999999996,-0.32399999999999984,1.7646661047728092,-0.14568247225356235
LPC,1.0,3.5,88.40784000000001,1.34545,0.4267579101390608,88.84199999999987,0.8796800000000076,2.503999999999998,-0.6909000000000001,0.8823330523864046,-0.8535158202781216
LPC,1.12,0.5,47.30460000000001,2.4119799,0.4566910606154875,24.58000000000004,94.60920000000002,1.149720000000002,-0.023999799999999995,-0.08482900006939254,0.913382121230975
LPC,1.12,1.1,94.63300000000001,2.3972100000000003,0.9133511651652253,48.200000000000045,0.23799999999997595,1.2730000000000103,-0.027699999999999274,-0.1654924101339823,-0.0003095606574969841
LPC,1.12,1.75,94.77134999999998,2.378965,0.9127698917155266,42.50500000000034,0.1930000000000056,2.1170000000000115,-0.02850000000000203,-0.13386960216931953,-0.00129561000785276
LPC,1.12,2.2,94.8472,2.366,0.9121311575984612,39.16000000000031,0.1579999999999921,2.710000000000008,-0.029100000000000983,-0.10513882275547459,-0.0015710199262393525
LPC,1.12,2.63,94.90548,2.3529210000000003,0.9110894569677446,36.42900000000054,0.11599999999997357,3.300300000000007,-0.0312999999999994,-0.06330846765959919,-0.002931311184298647
LPC,1.12,3.0,94.9454,2.3411200000000005,0.90989549559683,34.42000000000007,0.10100000000003273,3.8260000000000147,-0.03239999999999968,-0.017400609245569854,-0.0034781923479192283
LPC,1.12,3.5,95.42012700000001,1.6705600000000003,0.454947747798415,34.59210000000007,0.9494540000000001,1.913000000000011,-1.3411200000000005,-0.008700304622784927,-0.90989549559683
LPC,1.4,0.5,55.107,2.8104063529411762,0.32057378160946287,28.25999999999999,110.214,1.4557394117647058,-0.017183294117647064,-0.5342896360157714,0.6411475632189257
LPC,1.4,1.1,110.2104705882353,2.802591176470588,0.6412139243726159,56.52588235294115,-0.03529411764710698,1.4687647058823528,0.007764705882353654,-1.0686898739543595,0.0006636115369011594
LPC,1.4,1.75,110.1875294117647,2.807585294117647,0.6414732731650215,56.56411764705882,-0.03529411764706685,1.4604411764705882,0.007411764705881381,-1.0691221219417022,0.0003494573021532019
LPC,1.4,2.2,110.17023529411765,2.810991176470588,0.6416308185287979,56.592941176470575,-0.038823529411729396,1.454764705882353,0.007411764705882634,-1.0693846975479961,0.00034923201748823964
LPC,1.4,2.63,110.15354117647058,2.8142594117647057,0.6417813197209106,56.62076470588234,-0.038823529411769524,1.4493176470588236,0.007764705882353654,-1.0696355328681841,0.00035066711631076227
LPC,1.4,3.0,110.13917647058824,2.8170617647058824,0.6419106898725622,56.64470588235294,-0.03882352941180965,1.444647058823529,0.007411764705882634,-1.0698511497876033,0.000348783709393279
LPC,1.4,3.5,110.47792235294116,1.907060294117647,0.3209553449362811,56.0801294117647,0.6774917647058788,0.7164411764705885,-1.8200029411764707,-0.5349255748938017,-0.6419106898725622
HPC,0.15,0.5,1.09005,1.1896911,0.11049830301665804,7.267,2.1801,1.331274,-0.004942200000000029,0.7366553534443869,0.22099660603331608
HPC,0.15,1.1,2.2215,1.18278,0.22230148082555617,14.81,0.41400000000000076,1.2852000000000001,-0.04440000000000044,1.4820098721703745,0.013048747922401027
HPC,0.15,1.75,2.4648749999999997,1.14597,0.2225831776918185,16.432499999999997,0.3405000000000015,1.0398,-0.06660000000000012,1.48388785127879,-0.012161067702808158
HPC,0.15,2.2,2.6034,1.11174,0.20857281235730427,17.356,0.29100000000000176,0.8115999999999999,-0.08144999999999988,1.3904854157153619,-0.04286255178321108
HPC,0.15,2.63,2.711625,1.0702934999999998,0.16893562732344583,18.0775,0.21750000000000042,0.5352900000000005,-0.10754999999999981,1.126237515489639,-0.15145440414155095
HPC,0.15,3.0,2.7876,1.0292999999999999,0.10040872446841105,18.584,0.19499999999999743,0.262,-0.11354999999999994,0.6693914964560737,-0.2138982707548554
HPC,0.15,3.5,2.801538,1.01115,0.050204362234205525,18.67692,0.027875999999999835,0.14100000000000001,-0.0363,0.3346957482280368,-0.10040872446841105
HPC,0.35,0.5,2.54345,1.4559459000000001,0.25782937370553544,7.267,5.0869,1.331274,-0.01153180000000007,0.7366553534443869,0.5156587474110709
HPC,0.35,1.1,5.1834999999999996,1.43982,0.518703455259631,14.81,0.9660000000000017,1.2852000000000001,-0.10360000000000102,1.4820098721703745,0.030447078485602394
HPC,0.35,1.75,5.751374999999999,1.35393,0.5193607479475765,16.432499999999997,0.7945000000000035,1.0398,-0.1554000000000003,1.48388785127879,-0.028375824639885704
HPC,0.35,2.2,6.0746,1.27406,0.48666989550037665,17.356,0.6790000000000042,0.8115999999999999,-0.19004999999999972,1.3904854157153619,-0.10001262082749252
HPC,0.35,2.63,6.327125,1.1773515,0.3941831304213736,18.0775,0.507500000000001,0.5352900000000005,-0.25094999999999956,1.126237515489639,-0.3533936096636189
HPC,0.35,3.0,6.5043999999999995,1.0817,0.23428702375962576,18.584,0.454999999999994,0.262,-0.26494999999999985,0.6693914964560737,-0.4990959650946626
HPC,0.35,3.5,6.536922,1.03935,0.11714351187981288,18.67692,0.06504399999999962,0.14100000000000001,-0.0847,0.3346957482280368,-0.23428702375962576
HPC,0.62,0.5,5.2355,2.1911613,0.38258351665398715,16.55000000000001,10.471,6.424965000000004,-0.021802600000000005,0.13595382956705437,0.7651670333079743
HPC,0.62,1.1,10.604800000000001,2.1548100000000003,0.768420586083199,32.99000000000001,1.3380000000000052,6.277999999999995,-0.25450000000000056,0.26225926244246356,0.03253552775224673
HPC,0.62,1.75,11.35415,1.9519000000000002,0.768409477593907,32.08250000000001,0.9969999999999999,5.43375,-0.35880000000000045,0.2570290204852217,-0.031590112612819875
HPC,0.62,2.2,11.735800000000001,1.77114,0.7336103560029781,31.239999999999995,0.7760000000000047,4.7570000000000014,-0.42569999999999913,0.35681452492783006,-0.10502728722321342
HPC,0.62,2.63,11.995370000000001,1.5596170000000003,0.6410432680342293,30.311000000000035,0.45899999999999747,4.024600000000001,-0.5381000000000011,0.6614550591334902,-0.34131026749239024
HPC,0.62,3.0,12.145800000000001,1.3559,0.4901798729536254,29.439999999999998,0.36200000000000326,3.360000000000001,-0.5611999999999996,1.218419693048598,-0.4642032480344864
HPC,0.62,3.5,12.206529000000003,1.17795,0.2450899364768127,29.587199999999996,0.12145800000000018,1.6799999999999997,-0.35590000000000005,0.609209846524299,-0.4901798729536254
HPC,0.805,0.5,9.700800000000001,4.070873100000001,0.41193287647810495,59.16000000000008,19.401600000000002,27.340020000000024,-0.040506200000000145,0.2727785769997002,0.8238657529562099
HPC,0.805,1.1,19.56205,3.9947700000000004,0.827095802761503,119.61000000000018,1.6044999999999934,26.88400000000003,-0.5585000000000009,0.5716019078886525,0.032300498052931115
HPC,0.805,1.75,20.384999999999998,3.5433075,0.8329973594284152,125.70000000000016,0.9819999999999909,23.46150000000003,-0.8025500000000005,0.7269032595772238,-0.012739863697346008
HPC,0.805,2.2,20.7101,3.1398,0.813770540443313,127.42000000000007,0.5974999999999953,19.720000000000027,-0.9499000000000022,0.8144020364663156,-0.06053996136851518
HPC,0.805,2.63,20.841890000000003,2.6717455,0.7584192183535694,127.29800000000017,0.07300000000001033,15.022100000000016,-1.175150000000001,0.8533276045711293,-0.20166304676334312
HPC,0.805,3.0,20.854300000000002,2.2298400000000003,0.670541495303506,127.06000000000012,0.0,10.568000000000012,-1.210649999999999,0.8314817185357324,-0.26797502550147556
HPC,0.805,3.5,20.958571500000005,1.6149200000000001,0.335270747651753,127.69530000000009,0.20854300000000167,5.284000000000006,-1.2298400000000003,0.4157408592678662,-0.670541495303506
HPC,1.0,0.5,26.616,12.3895395,0.45100149062269196,109.8399999999998,53.232,49.50629999999995,-0.12327900000000014,0.08398181702964891,0.9020029812453839
HPC,1.0,1.1,53.349000000000004,12.2045,0.9027837637952547,216.11999999999966,1.170000000000016,49.46399999999994,-1.2340000000000018,0.10852518530762012,0.007807825498707288
HPC,1.0,1.75,53.96075,11.295,0.9042156668195145,199.2199999999998,0.7450000000000045,54.82099999999991,-1.534000000000006,-0.11466023930230307,-0.0030491174485218764
HPC,1.0,2.2,54.216,10.5466,0.9000230463344264,194.31999999999994,0.4800000000000182,62.66399999999993,-1.7369999999999948,-0.03584059217119773,-0.012972267555374728
HPC,1.0,2.63,54.33284999999999,9.707005,0.8893823553701008,194.42799999999988,0.09499999999997044,73.67279999999994,-2.116500000000002,0.3950627882490423,-0.03621963416151708
HPC,1.0,3.0,54.35,8.9045,0.8741827979018657,195.07999999999993,0.005000000000052296,84.58799999999997,-2.2134999999999962,1.119123642802812,-0.045211098303885144
HPC,1.0,3.5,54.621750000000006,4.95225,0.43709139895093285,196.05539999999974,0.5435000000000016,42.29399999999998,-7.9045000000000005,0.559561821401406,-0.8741827979018657
HPC,1.12,0.5,30.019800000000004,13.816679700000002,0.41430208802896185,15.339999999999975,60.03960000000001,6.454110000000014,-0.1374793999999996,-0.26489471263197295,0.8286041760579237
HPC,1.12,1.1,60.05100000000001,13.712895000000001,0.8284638985437291,30.350000000000023,0.11399999999998109,7.118500000000012,-0.3504500000000068,-0.5282656380322592,-0.001402775141945154
HPC,1.12,1.75,60.11505,13.478882500000001,0.8273256636905227,28.540000000000077,0.08700000000000578,11.847250000000017,-0.3680500000000055,-0.5108538491171775,-0.0019895302083481727
HPC,1.12,2.2,60.147800000000004,13.309560000000003,0.826223538105383,27.639999999999986,0.06550000000000836,15.358000000000018,-0.38129999999999686,-0.48837662044497243,-0.0026811450840639765
HPC,1.12,2.63,60.171155,13.138921500000002,0.8247712214367879,27.0714999999999,0.03849999999999895,18.991950000000003,-0.4099499999999957,-0.45605158993751616,-0.0038646498960203633
HPC,1.12,3.0,60.18390000000001,12.985620000000003,0.823268445931671,26.770000000000095,0.030999999999988752,22.326000000000036,-0.4180499999999896,-0.4177690770609068,-0.004228925113968069
HPC,1.12,3.5,60.48481950000001,6.992810000000002,0.4116342229658355,26.903850000000034,0.6018390000000011,11.163000000000011,-11.985620000000004,-0.2088845385304534,-0.823268445931671
HPC,1.4,0.5,34.96830882352941,16.03989035294118,0.2868389976352961,17.953235294117647,69.93661764705882,8.118349411764704,-0.09840423529411713,-0.47806499605882663,0.5736779952705922
HPC,1.4,1.1,69.93767647058823,15.980699999999999,0.5736112442843023,35.90470588235294,0.010588235294108017,8.216999999999999,-0.09988235294118193,-0.956018740473837,-0.0006675098628982275
HPC,1.4,1.75,69.9445588235294,15.91565294117647,0.5731765046237701,35.893235294117645,0.010588235294108017,8.32541176470588,-0.10023529411765421,-0.95529417437295,-0.0006699669368489602
HPC,1.4,2.2,69.94861764705882,15.870476470588235,0.5728745219943768,35.8864705882353,0.007058823529405346,8.400705882352938,-0.10058823529411645,-0.9547908699906279,-0.000671817201603547
HPC,1.4,2.63,69.95306470588234,15.826979999999999,0.5725338873449384,35.87905882352942,0.007058823529405346,8.473199999999999,-0.10164705882352323,-0.954223145574897,-0.0006755706030012351
HPC,1.4,3.0,69.95567647058823,15.789370588235293,0.5722837931434193,35.87470588235294,0.007058823529405346,8.535882352941172,-0.10164705882352323,-0.9538063219056985,-0.0006762359950445032
HPC,1.4,3.5,70.17092470588236,8.393214705882352,0.28614189657170963,35.5159588235294,0.43049647058823587,4.262058823529408,-14.792311764705882,-0.47690316095284924,-0.5722837931434193
