map,pratio,mb,piD,mbD,NbD,epol0,Nb,epol,dNb_dpi,dNb_dmb,depol_dpi,depol_dmb,N,R
Fan,1.008,0.55,1.68,1.0,1.0,0.9,0.3855757854181344,0.1981018175832711,0.575777720338412,0.8664527373518203,24.762727193472774,-9.060660728643644e-15,0.38172002756395307,3.0331012286393766
Fan,1.008,0.8,1.68,1.0,1.0,0.9,0.6899829859832451,0.061549998613691564,0.6072606601790432,1.685381208116259,7.53832629393317,-0.43135990624920484,0.6830831561234126,3.637392838371372
Fan,1.008,1.0,1.68,1.0,1.0,0.9,0.975829717138245,0.015361583553889642,0.0734608138166635,2.4473464946149246,1.9156047247265193,-0.15302307552468564,0.9660714199668624,3.9757524781419407
Fan,1.008,1.15,1.68,1.0,1.0,0.9,1.3141381143800908,0.006625276682332492,0.015376156613613039,1.6708813725678304,0.678378565892918,-0.022880573384033702,1.3009967332362897,3.989578463223716
Fan,1.428,0.55,1.68,1.0,1.0,0.9,0.8343230862402354,0.6002783788328246,0.696119706963341,0.01756692111279307,-0.4752524031198373,1.0794220075151786,0.825979855377833,0.9772310556949309
Fan,1.428,0.8,1.68,1.0,1.0,0.9,0.804144840634929,0.8905556948786145,0.4170207245963761,0.44396433154295545,-0.13640408400090287,0.16941666788562645,0.7961033922285796,1.828857858436238
Fan,1.428,1.0,1.68,1.0,1.0,0.9,0.9998024131528627,0.7146799230954088,0.0,2.4808146258723904,0.9355424146967352,-1.8762463010688175,0.9898043890213339,2.8919265350904384
Fan,1.428,1.15,1.68,1.0,1.0,0.9,1.3204648076998273,0.2857518001725437,0.014760752468363468,1.6372970707221497,0.6512276339669675,-1.5045818265058233,1.307260159622829,3.5464493842924485
Fan,1.68,0.55,1.68,1.0,1.0,0.9,0.9438316114486648,0.5600854174923582,0.351826427512634,0.008241472938071197,-0.1033489883037427,1.0159161906182426,0.934393295334178,0.7720267428317087
Fan,1.68,0.8,1.68,1.0,1.0,0.9,0.9318885738865292,0.7943942037414674,0.46996652808169104,-0.09551743624569638,-0.20055436613533234,0.8262154420091914,0.9225696881476639,1.2816643260733835
Fan,1.68,1.0,1.68,1.0,1.0,0.9,1.0000000000000002,0.8693488619036531,0.003080526382238742,2.421771711971119,0.36367210621467294,-1.7722954262409867,0.9900000000000001,2.2000000000000015
Fan,1.68,1.15,1.68,1.0,1.0,0.9,1.324140962106994,0.4479395573834401,0.014418195648793396,1.6184657071274466,0.6361144161560193,-2.335400200056534,1.310899552485924,3.28526699806301
Fan,1.848,0.55,1.68,1.0,1.0,0.9,1.0156795759259138,0.5345589394298446,0.5379597646989873,0.012234846289659715,-0.21355449113334327,0.9670684637644765,1.0055227801666546,0.6817555235120948
Fan,1.848,0.8,1.68,1.0,1.0,0.9,1.018736165985787,0.7757819792036481,0.5375911484406357,0.012217911798581102,-0.3080886110574156,0.9627254995728749,1.008548804325929,0.9879264755957542
Fan,1.848,1.0,1.68,1.0,1.0,0.9,1.0508993868037524,0.8703959485552661,0.5187616457315215,0.7428551472771769,-0.1365199020690727,0.17333662442903772,1.0403903929357148,1.7802018124148007
Fan,1.848,1.15,1.68,1.0,1.0,0.9,1.3265447716742775,0.5539929052979847,0.014199872846693095,1.6064094331674474,0.6264822620935795,-2.867309313921525,1.3132793239575347,3.1129848643744453
LPC,1.7999999999999998,0.55,3.0,1.0,1.0,0.9,0.6657800596481475,0.8438324530794462,0.2439809045644981,0.32674258122875394,-0.16701622945939718,0.545977357930455,0.6657800596481475,1.126591280910088
LPC,1.7999999999999998,0.8,3.0,1.0,1.0,0.9,0.8054423107884415,0.8576005072054336,0.0477303774727672,0.7968907039732178,0.28450883001884203,-0.7949035709890222,0.8054423107884415,2.298610572789798
LPC,1.7999999999999998,1.0,3.0,1.0,1.0,0.9,0.9923701194184448,0.46051987127408434,0.006751083755262798,0.946561804929525,0.5583258145606292,-2.4289818529516145,0.9923701194184448,3.426986389794557
LPC,1.7999999999999998,1.15,3.0,1.0,1.0,0.9,1.2236484094724336,0.1905599967055338,0.004683708990924101,1.5661508973336704,0.2356962213569626,-0.6531188911975636,1.2236484094724336,3.760187137640834
LPC,2.55,0.55,3.0,1.0,1.0,0.9,0.8516450080671092,0.6285263936885812,0.1860679663550932,0.009162874607583069,-0.1744361328605649,1.1341851936345078,0.8516450080671092,0.7361295055329962
LPC,2.55,0.8,3.0,1.0,1.0,0.9,0.8696258283551429,0.8770690889762891,0.10432219838679259,0.3783911166402262,-0.06573766104788213,0.3825557970404413,0.8696258283551429,1.2633477049741895
LPC,2.55,1.0,3.0,1.0,1.0,0.9,0.9965865384615383,0.8341306542340298,0.0,0.9916996606334829,0.2146332498738197,-1.025543792624756,0.9965865384615383,2.8459410142654753
LPC,2.55,1.15,3.0,1.0,1.0,0.9,1.2271341893263539,0.36597335856028224,0.004612094539664569,1.554191174394978,0.23209239891856345,-1.2549627526732114,1.2271341893263539,3.53735853022781
LPC,3.0,0.55,3.0,1.0,1.0,0.9,0.9287837281504074,0.5617139158820965,0.1513771974817854,0.007326570379942809,-0.12489273731714594,1.0152532913217795,0.9287837281504074,0.6454176066725732
LPC,3.0,0.8,3.0,1.0,1.0,0.9,0.9306149033389335,0.8148478200787598,0.15133896041731074,0.0073228374885722924,-0.1804738563918299,1.0098271875502791,0.9306149033389335,0.935831957165825
LPC,3.0,1.0,3.0,1.0,1.0,0.9,0.9999999999999991,0.890705044236544,0.024220755762937304,0.7597376387011375,0.03642039013714238,-0.2863700988980995,0.9999999999999991,2.149999999999239
LPC,3.0,1.15,3.0,1.0,1.0,0.9,1.229200181881906,0.46993939052301453,0.004570229440879494,1.5471741603142435,0.22998564002096783,-1.6080768567395538,1.229200181881906,3.404338639606174
LPC,3.3000000000000003,0.55,3.0,1.0,1.0,0.9,0.9722366260555735,0.526808250926053,0.13911338612525337,0.006697248949290717,-0.10843271061248211,0.9526129751707836,0.9722366260555735,0.5988802068200492
LPC,3.3000000000000003,0.8,3.0,1.0,1.0,0.9,0.9739106448313464,0.7643740545546158,0.139089228036755,0.006694904820079528,-0.15679145318727636,0.9479205864868414,0.9739106448313464,0.868605062947145
LPC,3.3000000000000003,1.0,3.0,1.0,1.0,0.9,1.012520540077869,0.8928862993279788,0.050981824311045525,0.8049163177214199,-0.00978088913145473,-0.14642174387685228,1.012520540077869,1.6708744982571357
LPC,3.3000000000000003,1.15,3.0,1.0,1.0,0.9,1.230567122060685,0.5387273181303412,0.0045427634912653825,1.5425601538399831,0.22860348315499446,-1.8402654690993598,1.230567122060685,3.315934887273885
HPC,6.0,0.55,10.0,1.0,1.0,0.9,0.8843129908337358,0.8530776144345587,0.010680726076055242,0.18127265333436646,-0.0264655273763743,0.49517745955636516,0.8630894790537262,1.1772524301988492
HPC,6.0,0.8,10.0,1.0,1.0,0.9,0.9471397641711843,0.8563570842913408,0.00014303630264767372,0.2602083189301617,0.038117162642028336,-0.2341138145165699,0.924408409831076,2.5067953988546927
HPC,6.0,1.0,10.0,1.0,1.0,0.9,0.9983751661471811,0.6754805047053798,0.00041089601705239444,0.25477624346522554,0.13286312235362116,-1.3845592860367835,0.9744141621596488,3.192065163605173
HPC,6.0,1.15,10.0,1.0,1.0,0.9,1.053489517361257,0.42590613370533603,0.0007151079116717335,0.6261318766633046,0.08340178619038496,-1.5580368046250814,1.028205768944587,3.5009453810328615
HPC,8.5,0.55,10.0,1.0,1.0,0.9,0.937439991660518,0.6667332660936326,0.01925183254505393,0.002300074392478811,-0.062198800685893424,1.2048112240187945,0.9149414318606656,0.7681029973982942
HPC,8.5,0.8,10.0,1.0,1.0,0.9,0.9519930624324542,0.8920855138806701,0.004646343329212205,0.18984284802373108,-0.007414051993268295,0.1780727121439445,0.9291452289340754,1.5466819474636402
HPC,8.5,1.0,10.0,1.0,1.0,0.9,0.9988892931805893,0.8724615379100253,0.00028784435920493196,0.2561126083230471,0.019451920890018272,-0.22325403562609591,0.9749159501442553,2.587799432345643
HPC,8.5,1.15,10.0,1.0,1.0,0.9,1.0552651817885719,0.6322931042690034,0.00070550021594793,0.6220119367526296,0.08172118680851331,-2.2787058043807513,1.0299388174256463,3.2583781277679105
HPC,10.0,0.55,10.0,1.0,1.0,0.9,0.9646843863421135,0.5872248409644909,0.017557991108804325,0.0021384633492246854,-0.045458429183734834,1.0621449513346757,0.9415319610699029,0.6671151571845321
HPC,10.0,0.8,10.0,1.0,1.0,0.9,0.9652191775851225,0.8521366337180257,0.01756370234822713,0.0021398649508155166,-0.06579046664271783,1.057155243508072,0.9420539173230796,0.9677609770862583
HPC,10.0,1.0,10.0,1.0,1.0,0.9,0.9999999999999913,0.8937790078054989,0.0013296853927701852,0.23768595532633877,0.00799040559091942,-0.15163325380957848,0.9759999999999917,2.0499999999893483
HPC,10.0,1.15,10.0,1.0,1.0,0.9,1.0563192499792262,0.7541433364824522,0.0006999499301416916,0.6196367237147343,0.08075031854172739,-2.6941833213687545,1.0309675879797249,3.114938641170666
HPC,11.0,0.55,10.0,1.0,1.0,0.9,0.9825648594998405,0.5425182029920405,0.018195675755233537,0.0022353546501235246,-0.04389193652150501,0.981004570018608,0.9589833028718444,0.6124754285968159
HPC,11.0,0.8,10.0,1.0,1.0,0.9,0.9831238109907442,0.7871612011237027,0.018199319293463145,0.002236256217100131,-0.06353058952881434,0.9761451284810249,0.9595288395269664,0.8886032817589639
HPC,11.0,1.0,10.0,1.0,1.0,0.9,1.0020966685804453,0.8964850806176397,0.0025407022459274413,0.21594437943295333,2.851533176610855e-5,-0.025129326895384788,0.9780463485345147,1.6329437230411028
HPC,11.0,1.15,10.0,1.0,1.0,0.9,1.0570173866652481,0.8345764783528721,0.0006963345154503557,0.618091495685892,0.0801179022090147,-2.964478025195432,1.0316489693852822,3.020160683106762
